{"files":{"index.html":{"frameworks":["mdwade-dot-com-master","mdwade-dot-com","pg.asset.manager","pg.project.items","pg.code-validator","pg.insight.events","pg.image.overlay","pg.css.grid","pg.ia","bs4","pg.html","pg.components"],"last_page_width":1024},"contact":{"frameworks":["mdwade-dot-com","pg.code-validator","pg.insight.events","pg.css.grid","pg.image.overlay","pg.ia","pg.project.items","pg.asset.manager","bs4","pg.html","pg.components"],"last_page_width":1280},"contact.html":{"frameworks":["website","pg.css.grid","pg.insight.events","pg.asset.manager","pg.code-validator","pg.project.items","pg.image.overlay","pg.ia","bs4","pg.html","pg.components"],"last_page_width":1024},"indesx.html":{"frameworks":["mdwade-dot-com","pg.code-validator","pg.insight.events","pg.asset.manager","pg.project.items","pg.css.grid","pg.ia","pg.image.overlay","bs4","pg.html","pg.components"],"last_page_width":1024},"vestavia\\index.html":{"frameworks":["mdwade-dot-com","pg.insight.events","pg.asset.manager","pg.project.items","pg.code-validator","pg.css.grid","pg.ia","pg.image.overlay","bs4","pg.html","pg.components"],"last_page_width":1024},"about\\index.html":{"frameworks":["mdwade-dot-com","pg.insight.events","pg.asset.manager","pg.project.items","pg.code-validator","pg.css.grid","pg.ia","pg.image.overlay","bs4","pg.html","pg.components"],"last_page_width":1024},"music\\index.html":{"frameworks":["mdwade-dot-com","pg.insight.events","pg.asset.manager","pg.project.items","pg.code-validator","pg.css.grid","pg.ia","pg.image.overlay","bs4","pg.html","pg.components"],"last_page_width":1024},"games.html":{"frameworks":["mdwade-dot-com-master","mdwade-dot-com","pg.asset.manager","pg.project.items","pg.code-validator","pg.insight.events","pg.image.overlay","pg.css.grid","pg.ia","bs4","pg.html","pg.components"],"last_page_width":1024}},"breakpoints":["40em","48em","62em","576px","768px","992px","1200px"],"frameworks":["mdwade-dot-com-master","mdwade-dot-com","pg.asset.manager","pg.project.items","pg.code-validator","pg.insight.events","pg.image.overlay","pg.css.grid","pg.ia","bs4","pg.html","pg.components"],"template_framework_id":"bootstrap","file-picker-copy-folder":"D:\\Repositories\\MD-Wade\\mdwade-dot-com"}